model,f-score
LR,0.777403
SVC,0.776421
CART,0.768813
NB,0.748324
RF,0.218948